model,split,cv_accuracy,test_accuracy,f1_macro,f1_weighted,best_params
NeuralNetwork,80:20,0.7344308560677327,0.7592174567343868,0.7592246189392684,0.7587653833186553,"{'clf__activation': 'tanh', 'clf__alpha': np.float64(0.00234238498471129), 'clf__hidden_layer_sizes': (64, 32), 'clf__learning_rate_init': np.float64(0.005246634533625282)}"
RandomForest,80:20,0.7360301034807148,0.7531978931527464,0.7547299392522513,0.7542661890499187,"{'clf__max_depth': 29, 'clf__max_features': 0.5, 'clf__min_samples_leaf': 3, 'clf__min_samples_split': 13, 'clf__n_estimators': 154}"
SVM,80:20,0.7068673565380997,0.7193378480060195,0.7189477470655828,0.718394328661464,"{'clf__C': np.float64(5.9874749104613985), 'clf__gamma': 'scale', 'clf__kernel': 'rbf'}"
DecisionTree,80:20,0.6711194731890874,0.6805869074492099,0.6825913685090352,0.68202453055796,"{'clf__criterion': 'gini', 'clf__max_depth': 12, 'clf__max_features': None, 'clf__min_samples_leaf': 15, 'clf__min_samples_split': 20}"
KNN,80:20,0.6332079021636876,0.6380737396538751,0.6398819792831,0.6393159375516223,"{'clf__metric': 'manhattan', 'clf__n_neighbors': 28, 'clf__weights': 'distance'}"
LogisticReg,80:20,0.6165569143932268,0.6203912716328066,0.6188011235139603,0.6181271014665033,"{'clf__C': np.float64(0.0745934328572655), 'clf__penalty': 'l2', 'clf__solver': 'lbfgs'}"
NeuralNetwork,70:30,0.7312134763943539,0.745924253824931,0.7465371955745341,0.7461456801558457,"{'clf__activation': 'relu', 'clf__alpha': np.float64(0.02339586455122246), 'clf__hidden_layer_sizes': (128, 64), 'clf__learning_rate_init': np.float64(0.007568292060167618)}"
RandomForest,70:30,0.7308906646328428,0.7446701780787559,0.745566785232094,0.7451588613626191,"{'clf__max_depth': 29, 'clf__max_features': 0.5, 'clf__min_samples_leaf': 3, 'clf__min_samples_split': 13, 'clf__n_estimators': 154}"
SVM,70:30,0.6987418603710573,0.7110609480812641,0.7101709005046165,0.7097086634086214,"{'clf__C': np.float64(5.9874749104613985), 'clf__gamma': 'scale', 'clf__kernel': 'rbf'}"
DecisionTree,70:30,0.6599290472806273,0.6849761725608227,0.6862713458452978,0.6858329260354602,"{'clf__criterion': 'entropy', 'clf__max_depth': 23, 'clf__max_features': None, 'clf__min_samples_leaf': 19, 'clf__min_samples_split': 24}"
KNN,70:30,0.6238045217913829,0.6395786305492852,0.6410426618718434,0.6405829954259111,"{'clf__metric': 'manhattan', 'clf__n_neighbors': 27, 'clf__weights': 'uniform'}"
LogisticReg,70:30,0.6191811547728415,0.6172560822673689,0.6145265431326332,0.6139642929176495,"{'clf__C': np.float64(0.0745934328572655), 'clf__penalty': 'l2', 'clf__solver': 'lbfgs'}"
NeuralNetwork,50:50,0.7203473034349588,0.7370559903672487,0.7373663818940923,0.7368893082033766,"{'clf__activation': 'relu', 'clf__alpha': np.float64(0.0027541439213320295), 'clf__hidden_layer_sizes': (64, 32), 'clf__learning_rate_init': np.float64(0.006586289317583112)}"
RandomForest,50:50,0.7149338890550917,0.7227573750752558,0.7226614513865698,0.7222090218134881,"{'clf__max_depth': 23, 'clf__max_features': 0.5, 'clf__min_samples_leaf': 6, 'clf__min_samples_split': 3, 'clf__n_estimators': 443}"
SVM,50:50,0.6891930022573364,0.7001806140878989,0.7002650037050252,0.699759508910628,"{'clf__C': np.float64(5.9874749104613985), 'clf__gamma': 'scale', 'clf__kernel': 'rbf'}"
DecisionTree,50:50,0.6387745111370992,0.6453943407585792,0.6485081019270353,0.6479902492687476,"{'clf__criterion': 'entropy', 'clf__max_depth': 23, 'clf__max_features': None, 'clf__min_samples_leaf': 19, 'clf__min_samples_split': 24}"
KNN,50:50,0.6136380737396538,0.6247742323901264,0.6259229390608338,0.6254177980827546,"{'clf__metric': 'manhattan', 'clf__n_neighbors': 28, 'clf__weights': 'distance'}"
LogisticReg,50:50,0.6169472472281904,0.6186032510535822,0.6165736775320778,0.61597006884904,"{'clf__C': np.float64(0.21568228019263963), 'clf__penalty': 'l2', 'clf__solver': 'lbfgs'}"
